model_name,gpu,batch_size,seq_len,mean_ms,std_ms,p50_ms,p95_ms,n_runs,noisy,peak_memory_mb,actual_gpu_name,actual_mem_gb,actual_sm_count,attn_impl,platform,cuda_version,driver_version,torch_version,timestamp
gpt2-small,l4,1,32,7.304843816757202,0.16684657231414846,7.260159969329834,7.643136024475098,100,False,287.28064,NVIDIA L4,23.66,58,eager,modal,13.0,580.95.05,2.11.0+cu130,2026-04-17T21:19:25+00:00
gpt2-small,l4,1,64,7.366076474189758,0.15995032587344554,7.312384128570557,7.666687965393066,100,False,295.794688,NVIDIA L4,23.66,58,eager,modal,13.0,580.95.05,2.11.0+cu130,2026-04-17T21:19:37+00:00
gpt2-small,l4,1,128,7.46023455619812,0.20615876111567716,7.411712169647217,7.8397440910339355,100,False,305.865216,NVIDIA L4,23.66,58,eager,modal,13.0,580.95.05,2.11.0+cu130,2026-04-17T21:19:38+00:00
gpt2-small,l4,1,256,7.313076806068421,0.11264600358576703,7.28985595703125,7.553023815155029,100,False,326.923776,NVIDIA L4,23.66,58,eager,modal,13.0,580.95.05,2.11.0+cu130,2026-04-17T21:19:40+00:00
gpt2-small,l4,1,512,7.35134560585022,0.205931637238811,7.344128131866455,7.572480201721191,100,False,367.2064,NVIDIA L4,23.66,58,eager,modal,13.0,580.95.05,2.11.0+cu130,2026-04-17T21:19:41+00:00
gpt2-small,l4,1,1024,16.113941078186034,0.28465259337046717,16.04300880432129,16.582656860351562,100,False,446.854144,NVIDIA L4,23.66,58,eager,modal,13.0,580.95.05,2.11.0+cu130,2026-04-17T21:19:42+00:00
gpt2-small,l4,2,32,7.679133777618408,0.08518875567074892,7.668735980987549,7.835648059844971,100,False,295.794688,NVIDIA L4,23.66,58,eager,modal,13.0,580.95.05,2.11.0+cu130,2026-04-17T21:19:45+00:00
gpt2-small,l4,2,64,7.895910053253174,0.08910858701850882,7.870463848114014,8.052736282348633,100,False,305.865216,NVIDIA L4,23.66,58,eager,modal,13.0,580.95.05,2.11.0+cu130,2026-04-17T21:19:46+00:00
gpt2-small,l4,2,128,7.639549746513366,0.08269703205124526,7.621632099151611,7.782400131225586,100,False,326.923776,NVIDIA L4,23.66,58,eager,modal,13.0,580.95.05,2.11.0+cu130,2026-04-17T21:19:48+00:00
gpt2-small,l4,2,256,7.669245119094849,0.21281813237780056,7.588863849639893,8.092672348022461,100,False,367.2064,NVIDIA L4,23.66,58,eager,modal,13.0,580.95.05,2.11.0+cu130,2026-04-17T21:19:49+00:00
gpt2-small,l4,2,512,11.874746599197387,0.26476474519146365,11.762687683105469,12.372991561889648,100,False,446.854144,NVIDIA L4,23.66,58,eager,modal,13.0,580.95.05,2.11.0+cu130,2026-04-17T21:19:51+00:00
gpt2-small,l4,2,1024,37.6500337600708,0.31950978177218736,37.59001541137695,38.26073455810547,100,False,607.98464,NVIDIA L4,23.66,58,eager,modal,13.0,580.95.05,2.11.0+cu130,2026-04-17T21:19:53+00:00
gpt2-small,l4,3,32,7.967437448501587,0.19038554234767313,7.910399913787842,8.357888221740723,100,False,301.797376,NVIDIA L4,23.66,58,eager,modal,13.0,580.95.05,2.11.0+cu130,2026-04-17T21:19:58+00:00
gpt2-small,l4,3,64,7.612929921150208,0.15438775609547783,7.566336154937744,7.9185919761657715,100,False,315.935744,NVIDIA L4,23.66,58,eager,modal,13.0,580.95.05,2.11.0+cu130,2026-04-17T21:20:00+00:00
gpt2-small,l4,3,128,7.692946562767029,0.16699955176733652,7.673855781555176,7.84281587600708,100,False,347.327488,NVIDIA L4,23.66,58,eager,modal,13.0,580.95.05,2.11.0+cu130,2026-04-17T21:20:01+00:00
gpt2-small,l4,3,256,7.705202212333679,0.22494574837200793,7.638016223907471,7.94214391708374,100,False,406.57152,NVIDIA L4,23.66,58,eager,modal,13.0,580.95.05,2.11.0+cu130,2026-04-17T21:20:02+00:00
gpt2-small,l4,3,512,18.77002269744873,0.3490235264873364,18.81702423095703,19.326976776123047,100,False,528.219136,NVIDIA L4,23.66,58,eager,modal,13.0,580.95.05,2.11.0+cu130,2026-04-17T21:20:04+00:00
gpt2-small,l4,3,1024,59.87812751770019,0.4871336109072282,59.82310485839844,60.69452667236328,100,False,769.115136,NVIDIA L4,23.66,58,eager,modal,13.0,580.95.05,2.11.0+cu130,2026-04-17T21:20:07+00:00
gpt2-small,l4,4,32,7.699257583618164,0.12903153438481751,7.684095859527588,7.956480026245117,100,False,305.865216,NVIDIA L4,23.66,58,eager,modal,13.0,580.95.05,2.11.0+cu130,2026-04-17T21:20:16+00:00
gpt2-small,l4,4,64,7.429273920059204,0.19957285042192932,7.384064197540283,7.74348783493042,100,False,326.923776,NVIDIA L4,23.66,58,eager,modal,13.0,580.95.05,2.11.0+cu130,2026-04-17T21:20:17+00:00
gpt2-small,l4,4,128,7.92739583492279,0.5529612236418459,7.783423900604248,8.795136451721191,100,True,367.2064,NVIDIA L4,23.66,58,eager,modal,13.0,580.95.05,2.11.0+cu130,2026-04-17T21:20:19+00:00
gpt2-small,l4,4,256,10.095124740600586,0.26332029793242073,10.028032302856445,10.496000289916992,100,False,446.854144,NVIDIA L4,23.66,58,eager,modal,13.0,580.95.05,2.11.0+cu130,2026-04-17T21:20:20+00:00
gpt2-small,l4,4,512,26.34497163772583,0.5256818451350297,26.376192092895508,27.243520736694336,100,False,607.98464,NVIDIA L4,23.66,58,eager,modal,13.0,580.95.05,2.11.0+cu130,2026-04-17T21:20:22+00:00
gpt2-small,l4,4,1024,84.68572341918946,0.388003824310309,84.72166442871094,85.27155303955078,100,False,930.245632,NVIDIA L4,23.66,58,eager,modal,13.0,580.95.05,2.11.0+cu130,2026-04-17T21:20:26+00:00
gpt2-small,l4,6,32,7.616055669784546,0.19335521078918455,7.561215877532959,8.050687789916992,100,False,315.935744,NVIDIA L4,23.66,58,eager,modal,13.0,580.95.05,2.11.0+cu130,2026-04-17T21:20:39+00:00
gpt2-small,l4,6,64,7.642363820075989,0.1203588910280562,7.613440036773682,7.7649922370910645,100,False,347.327488,NVIDIA L4,23.66,58,eager,modal,13.0,580.95.05,2.11.0+cu130,2026-04-17T21:20:40+00:00
gpt2-small,l4,6,128,7.601382389068603,0.2238988733589989,7.577600002288818,7.767039775848389,100,False,406.57152,NVIDIA L4,23.66,58,eager,modal,13.0,580.95.05,2.11.0+cu130,2026-04-17T21:20:42+00:00
gpt2-small,l4,6,256,15.731569318771362,0.37399157956235723,15.688703536987305,16.42188835144043,100,False,528.219136,NVIDIA L4,23.66,58,eager,modal,13.0,580.95.05,2.11.0+cu130,2026-04-17T21:20:43+00:00
gpt2-small,l4,6,512,45.319232063293455,0.29577008413973993,45.3201904296875,45.828094482421875,100,False,769.115136,NVIDIA L4,23.66,58,eager,modal,13.0,580.95.05,2.11.0+cu130,2026-04-17T21:20:46+00:00
gpt2-small,l4,6,1024,134.77575927734375,0.5995409397658444,134.67852783203125,135.93702697753906,100,False,1252.506624,NVIDIA L4,23.66,58,eager,modal,13.0,580.95.05,2.11.0+cu130,2026-04-17T21:20:53+00:00
gpt2-small,l4,8,32,7.517632322311401,0.09963979639514998,7.493631839752197,7.693312168121338,100,False,326.923776,NVIDIA L4,23.66,58,eager,modal,13.0,580.95.05,2.11.0+cu130,2026-04-17T21:21:13+00:00
gpt2-small,l4,8,64,7.7352323150634765,0.15939757037670754,7.698431968688965,7.996416091918945,100,False,367.2064,NVIDIA L4,23.66,58,eager,modal,13.0,580.95.05,2.11.0+cu130,2026-04-17T21:21:14+00:00
gpt2-small,l4,8,128,9.95740927696228,0.18878535492424858,10.041343688964844,10.133503913879395,100,False,446.985216,NVIDIA L4,23.66,58,eager,modal,13.0,580.95.05,2.11.0+cu130,2026-04-17T21:21:16+00:00
gpt2-small,l4,8,256,21.6588196182251,0.6189866496131659,21.67398452758789,22.68671989440918,100,False,607.98464,NVIDIA L4,23.66,58,eager,modal,13.0,580.95.05,2.11.0+cu130,2026-04-17T21:21:17+00:00
gpt2-small,l4,8,512,65.51277610778808,0.4919330882440127,65.56159973144531,66.31731414794922,100,False,930.245632,NVIDIA L4,23.66,58,eager,modal,13.0,580.95.05,2.11.0+cu130,2026-04-17T21:21:21+00:00
gpt2-small,l4,8,1024,184.7308299255371,0.631912440241042,184.71527099609375,185.7259521484375,100,False,1575.537664,NVIDIA L4,23.66,58,eager,modal,13.0,580.95.05,2.11.0+cu130,2026-04-17T21:21:31+00:00
gpt2-small,l4,12,32,7.697374401092529,0.1030521625094527,7.6769280433654785,7.846911907196045,100,False,347.327488,NVIDIA L4,23.66,58,eager,modal,13.0,580.95.05,2.11.0+cu130,2026-04-17T21:21:59+00:00
gpt2-small,l4,12,64,7.66079550743103,0.2382825961490056,7.640063762664795,7.855103969573975,100,False,406.57152,NVIDIA L4,23.66,58,eager,modal,13.0,580.95.05,2.11.0+cu130,2026-04-17T21:22:00+00:00
gpt2-small,l4,12,128,15.16443841934204,0.25200585930201835,15.139840126037598,15.613951683044434,100,False,528.219136,NVIDIA L4,23.66,58,eager,modal,13.0,580.95.05,2.11.0+cu130,2026-04-17T21:22:02+00:00
gpt2-small,l4,12,256,36.96360569000244,0.44416458981708035,36.86912155151367,37.85728073120117,100,False,769.115136,NVIDIA L4,23.66,58,eager,modal,13.0,580.95.05,2.11.0+cu130,2026-04-17T21:22:04+00:00
gpt2-small,l4,12,512,106.17479316711426,0.7148553338599907,106.25023651123047,107.22509002685547,100,False,1252.506624,NVIDIA L4,23.66,58,eager,modal,13.0,580.95.05,2.11.0+cu130,2026-04-17T21:22:10+00:00
gpt2-small,l4,12,1024,279.92432891845704,0.7043126731161634,280.025146484375,281.12896728515625,100,False,2219.396096,NVIDIA L4,23.66,58,eager,modal,13.0,580.95.05,2.11.0+cu130,2026-04-17T21:22:26+00:00
gpt2-small,l4,16,32,7.588257303237915,0.17865546809241414,7.541759967803955,7.923711776733398,100,False,367.2064,NVIDIA L4,23.66,58,eager,modal,13.0,580.95.05,2.11.0+cu130,2026-04-17T21:23:08+00:00
gpt2-small,l4,16,64,9.851066856384277,0.24714787853105336,9.802751541137695,10.132479667663574,100,False,446.854144,NVIDIA L4,23.66,58,eager,modal,13.0,580.95.05,2.11.0+cu130,2026-04-17T21:23:09+00:00
gpt2-small,l4,16,128,20.844298515319824,0.5280060636131688,20.746240615844727,21.87673568725586,100,False,607.98464,NVIDIA L4,23.66,58,eager,modal,13.0,580.95.05,2.11.0+cu130,2026-04-17T21:23:11+00:00
gpt2-small,l4,16,256,53.77466453552246,0.38165576561025766,53.6995849609375,54.36211013793945,100,False,930.245632,NVIDIA L4,23.66,58,eager,modal,13.0,580.95.05,2.11.0+cu130,2026-04-17T21:23:14+00:00
gpt2-small,l4,16,512,145.05699630737305,1.027815925328554,145.2902374267578,146.5733184814453,100,False,1575.537664,NVIDIA L4,23.66,58,eager,modal,13.0,580.95.05,2.11.0+cu130,2026-04-17T21:23:23+00:00
gpt2-small,l4,16,1024,379.72574523925783,0.8232296259248643,379.7698669433594,381.0693054199219,100,False,2863.811584,NVIDIA L4,23.66,58,eager,modal,13.0,580.95.05,2.11.0+cu130,2026-04-17T21:23:45+00:00
gpt2-medium,l4,1,32,14.32998755455017,0.16225601636073428,14.309375762939453,14.58790397644043,100,False,755.337728,NVIDIA L4,23.66,58,eager,modal,13.0,580.95.05,2.11.0+cu130,2026-04-17T21:24:42+00:00
gpt2-medium,l4,1,64,13.825716180801392,0.21736170139906014,13.802495956420898,14.002176284790039,100,False,762.360832,NVIDIA L4,23.66,58,eager,modal,13.0,580.95.05,2.11.0+cu130,2026-04-17T21:24:50+00:00
gpt2-medium,l4,1,128,14.39456862449646,0.06755646434263024,14.388223648071289,14.468095779418945,100,False,778.362368,NVIDIA L4,23.66,58,eager,modal,13.0,580.95.05,2.11.0+cu130,2026-04-17T21:24:53+00:00
gpt2-medium,l4,1,256,14.240016326904296,0.2850090328649616,14.173184394836426,14.56332778930664,100,False,822.782464,NVIDIA L4,23.66,58,eager,modal,13.0,580.95.05,2.11.0+cu130,2026-04-17T21:24:56+00:00
gpt2-medium,l4,1,512,17.332694969177247,0.29076182332877426,17.234943389892578,17.986560821533203,100,False,898.489344,NVIDIA L4,23.66,58,eager,modal,13.0,580.95.05,2.11.0+cu130,2026-04-17T21:24:58+00:00
gpt2-medium,l4,1,1024,50.79785472869873,0.336001301151213,50.84774398803711,51.31983947753906,100,False,1002.385408,NVIDIA L4,23.66,58,eager,modal,13.0,580.95.05,2.11.0+cu130,2026-04-17T21:25:01+00:00
gpt2-medium,l4,2,32,14.776755847930907,0.207680656400677,14.783488273620605,15.067071914672852,100,False,762.360832,NVIDIA L4,23.66,58,eager,modal,13.0,580.95.05,2.11.0+cu130,2026-04-17T21:25:09+00:00
gpt2-medium,l4,2,64,14.929468488693237,0.15338587778566906,14.907391548156738,15.012864112854004,100,False,778.362368,NVIDIA L4,23.66,58,eager,modal,13.0,580.95.05,2.11.0+cu130,2026-04-17T21:25:12+00:00
gpt2-medium,l4,2,128,14.652049646377563,0.09404180613414925,14.641152381896973,14.730239868164062,100,False,822.782464,NVIDIA L4,23.66,58,eager,modal,13.0,580.95.05,2.11.0+cu130,2026-04-17T21:25:15+00:00
gpt2-medium,l4,2,256,15.09368992805481,0.2679747749984745,15.062015533447266,15.326208114624023,100,False,898.489344,NVIDIA L4,23.66,58,eager,modal,13.0,580.95.05,2.11.0+cu130,2026-04-17T21:25:17+00:00
gpt2-medium,l4,2,512,35.62936550140381,0.571452569492028,35.59321594238281,36.78726577758789,100,False,1002.385408,NVIDIA L4,23.66,58,eager,modal,13.0,580.95.05,2.11.0+cu130,2026-04-17T21:25:20+00:00
gpt2-medium,l4,2,1024,105.35430419921875,0.6281950095439581,105.22112274169922,106.59942626953125,100,False,1258.412032,NVIDIA L4,23.66,58,eager,modal,13.0,580.95.05,2.11.0+cu130,2026-04-17T21:25:26+00:00
gpt2-medium,l4,3,32,14.548568325042725,0.07951240097698871,14.538847923278809,14.673919677734375,100,False,770.361856,NVIDIA L4,23.66,58,eager,modal,13.0,580.95.05,2.11.0+cu130,2026-04-17T21:25:42+00:00
gpt2-medium,l4,3,64,14.851207046508788,0.0703409899996924,14.846976280212402,14.919679641723633,100,False,800.620544,NVIDIA L4,23.66,58,eager,modal,13.0,580.95.05,2.11.0+cu130,2026-04-17T21:25:45+00:00
gpt2-medium,l4,3,128,14.64279842376709,0.1390587799210003,14.618623733520508,14.788607597351074,100,False,842.369024,NVIDIA L4,23.66,58,eager,modal,13.0,580.95.05,2.11.0+cu130,2026-04-17T21:25:48+00:00
gpt2-medium,l4,3,256,20.731631031036375,0.18804877437089965,20.770816802978516,21.0196475982666,100,False,938.90304,NVIDIA L4,23.66,58,eager,modal,13.0,580.95.05,2.11.0+cu130,2026-04-17T21:25:50+00:00
gpt2-medium,l4,3,512,54.22644248962402,0.956196859753268,54.04774475097656,56.30259323120117,100,False,1131.447296,NVIDIA L4,23.66,58,eager,modal,13.0,580.95.05,2.11.0+cu130,2026-04-17T21:25:54+00:00
gpt2-medium,l4,3,1024,170.05380737304688,0.421284193664274,170.05670166015625,170.7868194580078,100,False,1514.438656,NVIDIA L4,23.66,58,eager,modal,13.0,580.95.05,2.11.0+cu130,2026-04-17T21:26:03+00:00
gpt2-medium,l4,4,32,14.896208324432372,0.08274557143867384,14.88691234588623,14.988287925720215,100,False,778.362368,NVIDIA L4,23.66,58,eager,modal,13.0,580.95.05,2.11.0+cu130,2026-04-17T21:26:29+00:00
gpt2-medium,l4,4,64,14.895667848587037,0.09043925831849708,14.88918399810791,14.987263679504395,100,False,822.782464,NVIDIA L4,23.66,58,eager,modal,13.0,580.95.05,2.11.0+cu130,2026-04-17T21:26:31+00:00
gpt2-medium,l4,4,128,15.045669403076172,0.17788052848816607,15.019007682800293,15.17465591430664,100,False,898.489344,NVIDIA L4,23.66,58,eager,modal,13.0,580.95.05,2.11.0+cu130,2026-04-17T21:26:34+00:00
gpt2-medium,l4,4,256,29.10263458251953,0.31903422236751383,29.026399612426758,29.680639266967773,100,False,1002.385408,NVIDIA L4,23.66,58,eager,modal,13.0,580.95.05,2.11.0+cu130,2026-04-17T21:26:37+00:00
gpt2-medium,l4,4,512,78.31104515075684,0.9216020541626592,78.2192611694336,79.8924789428711,100,False,1258.412032,NVIDIA L4,23.66,58,eager,modal,13.0,580.95.05,2.11.0+cu130,2026-04-17T21:26:42+00:00
gpt2-medium,l4,4,1024,233.22101974487305,1.194675106278421,233.40237426757812,235.0172119140625,100,False,1770.46528,NVIDIA L4,23.66,58,eager,modal,13.0,580.95.05,2.11.0+cu130,2026-04-17T21:26:54+00:00
gpt2-medium,l4,6,32,14.994276161193847,0.07743531660891811,14.987263679504395,15.086591720581055,100,False,800.620544,NVIDIA L4,23.66,58,eager,modal,13.0,580.95.05,2.11.0+cu130,2026-04-17T21:27:29+00:00
gpt2-medium,l4,6,64,14.96996319770813,0.16441535391657225,14.963711738586426,15.169535636901855,100,False,842.369024,NVIDIA L4,23.66,58,eager,modal,13.0,580.95.05,2.11.0+cu130,2026-04-17T21:27:32+00:00
gpt2-medium,l4,6,128,19.844027252197264,0.3237315465199232,19.816448211669922,20.71552085876465,100,False,938.90304,NVIDIA L4,23.66,58,eager,modal,13.0,580.95.05,2.11.0+cu130,2026-04-17T21:27:35+00:00
gpt2-medium,l4,6,256,45.60088062286377,0.9692592453884961,45.56902313232422,47.34668731689453,100,False,1131.447296,NVIDIA L4,23.66,58,eager,modal,13.0,580.95.05,2.11.0+cu130,2026-04-17T21:27:38+00:00
gpt2-medium,l4,6,512,129.96941024780273,0.6206712246890962,130.12069702148438,130.6920928955078,100,False,1514.438656,NVIDIA L4,23.66,58,eager,modal,13.0,580.95.05,2.11.0+cu130,2026-04-17T21:27:46+00:00
gpt2-medium,l4,6,1024,366.00385650634763,0.8167829703996794,366.1731872558594,367.03131103515625,100,False,2282.518528,NVIDIA L4,23.66,58,eager,modal,13.0,580.95.05,2.11.0+cu130,2026-04-17T21:28:06+00:00
gpt2-medium,l4,8,32,15.14682780265808,0.2107030931031065,15.10092830657959,15.340543746948242,100,False,822.782464,NVIDIA L4,23.66,58,eager,modal,13.0,580.95.05,2.11.0+cu130,2026-04-17T21:29:01+00:00
gpt2-medium,l4,8,64,15.256903066635132,0.26288467237720686,15.20742416381836,15.572992324829102,100,False,898.489344,NVIDIA L4,23.66,58,eager,modal,13.0,580.95.05,2.11.0+cu130,2026-04-17T21:29:04+00:00
gpt2-medium,l4,8,128,28.40089828491211,0.44203419043357,28.37708854675293,29.231103897094727,100,False,1002.385408,NVIDIA L4,23.66,58,eager,modal,13.0,580.95.05,2.11.0+cu130,2026-04-17T21:29:07+00:00
gpt2-medium,l4,8,256,62.38332931518555,1.0989051917053723,62.1475830078125,64.60006713867188,100,False,1258.412032,NVIDIA L4,23.66,58,eager,modal,13.0,580.95.05,2.11.0+cu130,2026-04-17T21:29:11+00:00
gpt2-medium,l4,8,512,177.0270036315918,0.654205153026275,177.06700134277344,177.95481872558594,100,False,1770.46528,NVIDIA L4,23.66,58,eager,modal,13.0,580.95.05,2.11.0+cu130,2026-04-17T21:29:21+00:00
gpt2-medium,l4,8,1024,488.966103515625,1.99484449003679,489.1258850097656,492.0862731933594,100,False,2795.341824,NVIDIA L4,23.66,58,eager,modal,13.0,580.95.05,2.11.0+cu130,2026-04-17T21:29:48+00:00
gpt2-medium,l4,12,32,15.316989164352417,0.2590057324017015,15.251456260681152,16.04096031188965,100,False,842.369024,NVIDIA L4,23.66,58,eager,modal,13.0,580.95.05,2.11.0+cu130,2026-04-17T21:31:02+00:00
gpt2-medium,l4,12,64,18.954271144866944,0.4160165986930353,18.82009506225586,19.800064086914062,100,False,938.90304,NVIDIA L4,23.66,58,eager,modal,13.0,580.95.05,2.11.0+cu130,2026-04-17T21:31:05+00:00
gpt2-medium,l4,12,128,40.63748100280762,0.4522168314694472,40.581119537353516,41.52012634277344,100,False,1131.447296,NVIDIA L4,23.66,58,eager,modal,13.0,580.95.05,2.11.0+cu130,2026-04-17T21:31:08+00:00
gpt2-medium,l4,12,256,104.75734352111816,0.7428506611702942,104.68761444091797,106.2635498046875,100,False,1514.438656,NVIDIA L4,23.66,58,eager,modal,13.0,580.95.05,2.11.0+cu130,2026-04-17T21:31:15+00:00
gpt2-medium,l4,12,512,282.7057272338867,0.6988086970121784,282.8267517089844,283.8435974121094,100,False,2282.518528,NVIDIA L4,23.66,58,eager,modal,13.0,580.95.05,2.11.0+cu130,2026-04-17T21:31:31+00:00
gpt2-medium,l4,12,1024,742.5029693603516,1.3946248166399824,742.624267578125,744.5545043945312,100,False,3818.784768,NVIDIA L4,23.66,58,eager,modal,13.0,580.95.05,2.11.0+cu130,2026-04-17T21:32:14+00:00
gpt2-medium,l4,16,32,15.70784610748291,0.4117467362388127,15.624192237854004,16.42086410522461,100,False,898.489344,NVIDIA L4,23.66,58,eager,modal,13.0,580.95.05,2.11.0+cu130,2026-04-17T21:34:06+00:00
gpt2-medium,l4,16,64,26.66579967498779,0.43749081345181046,26.68134307861328,27.459583282470703,100,False,1002.385408,NVIDIA L4,23.66,58,eager,modal,13.0,580.95.05,2.11.0+cu130,2026-04-17T21:34:09+00:00
gpt2-medium,l4,16,128,57.19717971801758,0.8664832363773145,57.07878494262695,59.061248779296875,100,False,1258.412032,NVIDIA L4,23.66,58,eager,modal,13.0,580.95.05,2.11.0+cu130,2026-04-17T21:34:13+00:00
gpt2-medium,l4,16,256,150.62091995239257,0.7316965704375255,150.64064025878906,151.66464233398438,100,False,1770.46528,NVIDIA L4,23.66,58,eager,modal,13.0,580.95.05,2.11.0+cu130,2026-04-17T21:34:22+00:00
gpt2-medium,l4,16,512,380.72139129638674,0.6846904682435982,380.8450622558594,381.76666259765625,100,False,2795.341824,NVIDIA L4,23.66,58,eager,modal,13.0,580.95.05,2.11.0+cu130,2026-04-17T21:34:45+00:00
gpt2-medium,l4,16,1024,999.6680908203125,0.49383008592611854,999.6799926757812,1000.5022583007812,100,False,4842.784768,NVIDIA L4,23.66,58,eager,modal,13.0,580.95.05,2.11.0+cu130,2026-04-17T21:35:43+00:00
gpt2-large,l4,1,32,21.467021160125732,0.3182470854208389,21.405696868896484,22.032384872436523,100,False,1634.018816,NVIDIA L4,23.66,58,eager,modal,13.0,580.95.05,2.11.0+cu130,2026-04-17T21:38:13+00:00
gpt2-large,l4,1,64,24.930509338378908,8.612447214308167,22.192127227783203,50.78425598144531,100,True,1646.16448,NVIDIA L4,23.66,58,eager,modal,13.0,580.95.05,2.11.0+cu130,2026-04-17T21:38:32+00:00
gpt2-large,l4,1,128,21.408795261383055,0.38805610972747573,21.323776245117188,22.04979133605957,100,False,1670.45632,NVIDIA L4,23.66,58,eager,modal,13.0,580.95.05,2.11.0+cu130,2026-04-17T21:38:36+00:00
gpt2-large,l4,1,256,22.00202108383179,0.35203538456769545,21.986303329467773,22.58639907836914,100,False,1719.04,NVIDIA L4,23.66,58,eager,modal,13.0,580.95.05,2.11.0+cu130,2026-04-17T21:38:40+00:00
gpt2-large,l4,1,512,34.495857620239256,0.5375119682794881,34.43609619140625,35.544063568115234,100,False,1816.207872,NVIDIA L4,23.66,58,eager,modal,13.0,580.95.05,2.11.0+cu130,2026-04-17T21:38:44+00:00
gpt2-large,l4,1,1024,100.3674543762207,0.5272246262855752,100.44620513916016,101.16403198242188,100,False,2010.543616,NVIDIA L4,23.66,58,eager,modal,13.0,580.95.05,2.11.0+cu130,2026-04-17T21:38:50+00:00
gpt2-large,l4,2,32,21.839531536102296,0.4678681625454592,21.711872100830078,22.48601531982422,100,False,1646.16448,NVIDIA L4,23.66,58,eager,modal,13.0,580.95.05,2.11.0+cu130,2026-04-17T21:39:06+00:00
gpt2-large,l4,2,64,22.24339645385742,0.4178881978303094,22.09075164794922,23.1331844329834,100,False,1670.45632,NVIDIA L4,23.66,58,eager,modal,13.0,580.95.05,2.11.0+cu130,2026-04-17T21:39:11+00:00
gpt2-large,l4,2,128,22.589809894561768,0.19894893470837244,22.600704193115234,22.951936721801758,100,False,1719.04,NVIDIA L4,23.66,58,eager,modal,13.0,580.95.05,2.11.0+cu130,2026-04-17T21:39:15+00:00
gpt2-large,l4,2,256,30.820884780883787,0.6151413879064553,30.721023559570312,32.18022537231445,100,False,1816.207872,NVIDIA L4,23.66,58,eager,modal,13.0,580.95.05,2.11.0+cu130,2026-04-17T21:39:19+00:00
gpt2-large,l4,2,512,75.71268608093261,0.966250993689095,75.78419494628906,77.28947448730469,100,False,2011.592192,NVIDIA L4,23.66,58,eager,modal,13.0,580.95.05,2.11.0+cu130,2026-04-17T21:39:24+00:00
gpt2-large,l4,2,1024,211.30011688232423,0.4069131434470653,211.27577209472656,212.01510620117188,100,False,2399.215104,NVIDIA L4,23.66,58,eager,modal,13.0,580.95.05,2.11.0+cu130,2026-04-17T21:39:37+00:00
gpt2-large,l4,3,32,22.819557704925536,0.5107335785812168,22.709247589111328,23.67180824279785,100,False,1658.310656,NVIDIA L4,23.66,58,eager,modal,13.0,580.95.05,2.11.0+cu130,2026-04-17T21:40:09+00:00
gpt2-large,l4,3,64,23.0269299697876,0.3621790508069623,23.012351989746094,23.617536544799805,100,False,1698.68032,NVIDIA L4,23.66,58,eager,modal,13.0,580.95.05,2.11.0+cu130,2026-04-17T21:40:14+00:00
gpt2-large,l4,3,128,23.183534030914306,0.371146217364736,23.10553550720215,23.731199264526367,100,False,1767.624192,NVIDIA L4,23.66,58,eager,modal,13.0,580.95.05,2.11.0+cu130,2026-04-17T21:40:18+00:00
gpt2-large,l4,3,256,46.273362159729004,0.47454059330863163,46.17830276489258,47.03539276123047,100,False,1913.375744,NVIDIA L4,23.66,58,eager,modal,13.0,580.95.05,2.11.0+cu130,2026-04-17T21:40:22+00:00
gpt2-large,l4,3,512,116.95952926635742,0.9290102596568334,116.84659576416016,119.03692626953125,100,False,2204.87936,NVIDIA L4,23.66,58,eager,modal,13.0,580.95.05,2.11.0+cu130,2026-04-17T21:40:30+00:00
gpt2-large,l4,3,1024,340.3888558959961,1.1600268067004893,340.6397399902344,342.01190185546875,100,False,2787.886592,NVIDIA L4,23.66,58,eager,modal,13.0,580.95.05,2.11.0+cu130,2026-04-17T21:40:49+00:00
gpt2-large,l4,4,32,22.805674591064452,0.325919423508977,22.779903411865234,23.562240600585938,100,False,1670.45632,NVIDIA L4,23.66,58,eager,modal,13.0,580.95.05,2.11.0+cu130,2026-04-17T21:41:40+00:00
gpt2-large,l4,4,64,22.404403305053712,0.32015282795107414,22.327295303344727,22.975488662719727,100,False,1719.04,NVIDIA L4,23.66,58,eager,modal,13.0,580.95.05,2.11.0+cu130,2026-04-17T21:41:45+00:00
gpt2-large,l4,4,128,29.895508804321288,0.2373906445589262,29.878271102905273,30.40153694152832,100,False,1816.207872,NVIDIA L4,23.66,58,eager,modal,13.0,580.95.05,2.11.0+cu130,2026-04-17T21:41:49+00:00
gpt2-large,l4,4,256,62.32456165313721,1.2954783603633735,62.22848129272461,64.57548522949219,100,False,2011.592192,NVIDIA L4,23.66,58,eager,modal,13.0,580.95.05,2.11.0+cu130,2026-04-17T21:41:54+00:00
gpt2-large,l4,4,512,162.33605255126952,0.6018953164267713,162.36236572265625,163.33311462402344,100,False,2399.215104,NVIDIA L4,23.66,58,eager,modal,13.0,580.95.05,2.11.0+cu130,2026-04-17T21:42:05+00:00
gpt2-large,l4,4,1024,469.8790710449219,0.7897998016772685,469.9412536621094,471.3062438964844,100,False,3176.55808,NVIDIA L4,23.66,58,eager,modal,13.0,580.95.05,2.11.0+cu130,2026-04-17T21:42:30+00:00
gpt2-large,l4,6,32,23.200708541870117,0.3608031732863185,23.185440063476562,23.864320755004883,100,False,1698.68032,NVIDIA L4,23.66,58,eager,modal,13.0,580.95.05,2.11.0+cu130,2026-04-17T21:43:41+00:00
gpt2-large,l4,6,64,23.355693073272704,0.44074741517366167,23.25606346130371,24.233983993530273,100,False,1767.624192,NVIDIA L4,23.66,58,eager,modal,13.0,580.95.05,2.11.0+cu130,2026-04-17T21:43:45+00:00
gpt2-large,l4,6,128,44.69089279174805,0.7879805296525658,44.80819320678711,45.98374557495117,100,False,1913.375744,NVIDIA L4,23.66,58,eager,modal,13.0,580.95.05,2.11.0+cu130,2026-04-17T21:43:50+00:00
gpt2-large,l4,6,256,96.66561103820801,1.8921160739257104,96.58060455322266,100.23423767089844,100,False,2204.87936,NVIDIA L4,23.66,58,eager,modal,13.0,580.95.05,2.11.0+cu130,2026-04-17T21:43:57+00:00
gpt2-large,l4,6,512,263.95402099609373,0.5917732183134534,264.0373840332031,264.85760498046875,100,False,2787.886592,NVIDIA L4,23.66,58,eager,modal,13.0,580.95.05,2.11.0+cu130,2026-04-17T21:44:13+00:00
gpt2-large,l4,6,1024,706.4390185546876,0.8116977733585514,706.4371337890625,707.72021484375,100,False,3953.901056,NVIDIA L4,23.66,58,eager,modal,13.0,580.95.05,2.11.0+cu130,2026-04-17T21:44:53+00:00
gpt2-large,l4,8,32,23.008304595947266,0.45927885136522195,22.88947105407715,23.813119888305664,100,False,1719.04,NVIDIA L4,23.66,58,eager,modal,13.0,580.95.05,2.11.0+cu130,2026-04-17T21:46:40+00:00
gpt2-large,l4,8,64,28.53953622817993,0.29937784122259703,28.5347843170166,29.082624435424805,100,False,1816.207872,NVIDIA L4,23.66,58,eager,modal,13.0,580.95.05,2.11.0+cu130,2026-04-17T21:46:45+00:00
gpt2-large,l4,8,128,57.87838493347168,0.8203953620343374,57.851905822753906,59.170814514160156,100,False,2011.198976,NVIDIA L4,23.66,58,eager,modal,13.0,580.95.05,2.11.0+cu130,2026-04-17T21:46:50+00:00
gpt2-large,l4,8,256,130.8675473022461,1.1647100089182505,130.7525177001953,132.9049530029297,100,False,2399.215104,NVIDIA L4,23.66,58,eager,modal,13.0,580.95.05,2.11.0+cu130,2026-04-17T21:46:59+00:00
gpt2-large,l4,8,512,368.5538735961914,0.714928862985156,368.5713806152344,369.6701354980469,100,False,3176.55808,NVIDIA L4,23.66,58,eager,modal,13.0,580.95.05,2.11.0+cu130,2026-04-17T21:47:20+00:00
gpt2-large,l4,8,1024,949.092759399414,0.8588076484658752,949.1445922851562,950.3057861328125,100,False,4732.01408,NVIDIA L4,23.66,58,eager,modal,13.0,580.95.05,2.11.0+cu130,2026-04-17T21:48:16+00:00
gpt2-large,l4,12,32,23.202273292541506,0.5027226852534078,23.183359146118164,23.863296508789062,100,False,1767.624192,NVIDIA L4,23.66,58,eager,modal,13.0,580.95.05,2.11.0+cu130,2026-04-17T21:50:39+00:00
gpt2-large,l4,12,64,43.95921405792237,0.7611568384937203,43.94496154785156,45.3201904296875,100,False,1913.375744,NVIDIA L4,23.66,58,eager,modal,13.0,580.95.05,2.11.0+cu130,2026-04-17T21:50:44+00:00
gpt2-large,l4,12,128,86.07543296813965,1.0943996591627325,85.99142456054688,88.15001678466797,100,False,2204.87936,NVIDIA L4,23.66,58,eager,modal,13.0,580.95.05,2.11.0+cu130,2026-04-17T21:50:51+00:00
gpt2-large,l4,12,256,223.81932510375975,0.9737937249602961,223.93344116210938,225.18988037109375,100,False,2787.886592,NVIDIA L4,23.66,58,eager,modal,13.0,580.95.05,2.11.0+cu130,2026-04-17T21:51:05+00:00
gpt2-large,l4,12,512,554.7384948730469,0.7760994740398516,554.6946411132812,556.0514526367188,100,False,3953.901056,NVIDIA L4,23.66,58,eager,modal,13.0,580.95.05,2.11.0+cu130,2026-04-17T21:51:40+00:00
gpt2-large,l4,12,1024,1440.5593664550781,2.326577074586488,1440.1710205078125,1445.643310546875,100,False,6286.03648,NVIDIA L4,23.66,58,eager,modal,13.0,580.95.05,2.11.0+cu130,2026-04-17T21:53:04+00:00
gpt2-large,l4,16,32,28.39426055908203,0.25427100254038687,28.389375686645508,28.94643211364746,100,False,1816.207872,NVIDIA L4,23.66,58,eager,modal,13.0,580.95.05,2.11.0+cu130,2026-04-17T21:56:41+00:00
gpt2-large,l4,16,64,56.864081954956056,0.8937890741248757,56.92825698852539,58.31679916381836,100,False,2012.640768,NVIDIA L4,23.66,58,eager,modal,13.0,580.95.05,2.11.0+cu130,2026-04-17T21:56:46+00:00
gpt2-large,l4,16,128,122.02121238708496,0.9956961110866298,121.9788818359375,123.89580535888672,100,False,2399.215104,NVIDIA L4,23.66,58,eager,modal,13.0,580.95.05,2.11.0+cu130,2026-04-17T21:56:55+00:00
gpt2-large,l4,16,256,316.2581399536133,0.758905467341339,316.29620361328125,317.4778747558594,100,False,3176.55808,NVIDIA L4,23.66,58,eager,modal,13.0,580.95.05,2.11.0+cu130,2026-04-17T21:57:14+00:00
gpt2-large,l4,16,512,749.9538745117187,2.302470254045164,750.693359375,752.879638671875,100,False,4732.01408,NVIDIA L4,23.66,58,eager,modal,13.0,580.95.05,2.11.0+cu130,2026-04-17T21:58:03+00:00
gpt2-large,l4,16,1024,1917.7189599609376,6.820851089869414,1920.711669921875,1924.3089599609375,100,False,7840.615936,NVIDIA L4,23.66,58,eager,modal,13.0,580.95.05,2.11.0+cu130,2026-04-17T21:59:56+00:00
bert-base,l4,1,32,7.264687991142273,0.3442529862573628,7.161856174468994,7.938047885894775,100,False,247.346176,NVIDIA L4,23.66,58,eager,modal,13.0,580.95.05,2.11.0+cu130,2026-04-17T22:04:45+00:00
bert-base,l4,1,64,7.157975044250488,0.0954005568906063,7.158783912658691,7.271423816680908,100,False,249.39776,NVIDIA L4,23.66,58,eager,modal,13.0,580.95.05,2.11.0+cu130,2026-04-17T22:04:49+00:00
bert-base,l4,1,128,6.881824316978455,0.08966964707867665,6.865920066833496,7.0359039306640625,100,False,253.945344,NVIDIA L4,23.66,58,eager,modal,13.0,580.95.05,2.11.0+cu130,2026-04-17T22:04:50+00:00
bert-base,l4,1,256,6.796531195640564,0.1278698385450158,6.7788801193237305,7.057407855987549,100,False,262.334976,NVIDIA L4,23.66,58,eager,modal,13.0,580.95.05,2.11.0+cu130,2026-04-17T22:04:51+00:00
bert-base,l4,1,512,7.141405773162842,0.09707706071784458,7.143424034118652,7.29088020324707,100,False,278.125056,NVIDIA L4,23.66,58,eager,modal,13.0,580.95.05,2.11.0+cu130,2026-04-17T22:04:53+00:00
bert-base,l4,2,32,7.293344969749451,0.15929024501755293,7.259136199951172,7.532544136047363,100,False,249.39776,NVIDIA L4,23.66,58,eager,modal,13.0,580.95.05,2.11.0+cu130,2026-04-17T22:04:54+00:00
bert-base,l4,2,64,7.334282569885254,0.08056336189336402,7.309311866760254,7.503967761993408,100,False,253.945344,NVIDIA L4,23.66,58,eager,modal,13.0,580.95.05,2.11.0+cu130,2026-04-17T22:04:55+00:00
bert-base,l4,2,128,7.371291842460632,0.29164079616159855,7.262207984924316,7.914495944976807,100,False,262.334976,NVIDIA L4,23.66,58,eager,modal,13.0,580.95.05,2.11.0+cu130,2026-04-17T22:04:57+00:00
bert-base,l4,2,256,7.560340800285339,0.08366020913493724,7.542784214019775,7.753727912902832,100,False,278.125056,NVIDIA L4,23.66,58,eager,modal,13.0,580.95.05,2.11.0+cu130,2026-04-17T22:04:58+00:00
bert-base,l4,2,512,9.792051162719726,0.22696298152229905,9.744383811950684,10.157055854797363,100,False,310.956544,NVIDIA L4,23.66,58,eager,modal,13.0,580.95.05,2.11.0+cu130,2026-04-17T22:04:59+00:00
bert-base,l4,3,32,7.368341436386109,0.1724823755215074,7.349247932434082,7.669760227203369,100,False,251.449856,NVIDIA L4,23.66,58,eager,modal,13.0,580.95.05,2.11.0+cu130,2026-04-17T22:05:01+00:00
bert-base,l4,3,64,7.3132383918762205,0.07949459012060273,7.294976234436035,7.458816051483154,100,False,257.681408,NVIDIA L4,23.66,58,eager,modal,13.0,580.95.05,2.11.0+cu130,2026-04-17T22:05:03+00:00
bert-base,l4,3,128,7.659111685752869,0.09004558925560786,7.646207809448242,7.820288181304932,100,False,269.917184,NVIDIA L4,23.66,58,eager,modal,13.0,580.95.05,2.11.0+cu130,2026-04-17T22:05:04+00:00
bert-base,l4,3,256,7.933229131698608,0.09198191333717053,7.923711776733398,8.152064323425293,100,False,294.5408,NVIDIA L4,23.66,58,eager,modal,13.0,580.95.05,2.11.0+cu130,2026-04-17T22:05:05+00:00
bert-base,l4,3,512,16.138219537734987,0.18925912860582336,16.157695770263672,16.492544174194336,100,False,344.396288,NVIDIA L4,23.66,58,eager,modal,13.0,580.95.05,2.11.0+cu130,2026-04-17T22:05:07+00:00
bert-base,l4,4,32,7.4274163246154785,0.15308551750501678,7.407616138458252,7.624703884124756,100,False,253.945344,NVIDIA L4,23.66,58,eager,modal,13.0,580.95.05,2.11.0+cu130,2026-04-17T22:05:09+00:00
bert-base,l4,4,64,7.382239685058594,0.08247221383394104,7.362656116485596,7.5438079833984375,100,False,262.334976,NVIDIA L4,23.66,58,eager,modal,13.0,580.95.05,2.11.0+cu130,2026-04-17T22:05:11+00:00
bert-base,l4,4,128,7.497550382614135,0.15904290521932637,7.476223945617676,7.73744010925293,100,False,278.125056,NVIDIA L4,23.66,58,eager,modal,13.0,580.95.05,2.11.0+cu130,2026-04-17T22:05:12+00:00
bert-base,l4,4,256,8.064740467071534,0.1375297604161855,8.034303665161133,8.352767944335938,100,False,310.956544,NVIDIA L4,23.66,58,eager,modal,13.0,580.95.05,2.11.0+cu130,2026-04-17T22:05:13+00:00
bert-base,l4,4,512,20.753182697296143,0.30007497639630754,20.66739273071289,21.28179168701172,100,False,377.954816,NVIDIA L4,23.66,58,eager,modal,13.0,580.95.05,2.11.0+cu130,2026-04-17T22:05:15+00:00
bert-base,l4,6,32,7.3704303979873655,0.1484060758398647,7.34822416305542,7.526400089263916,100,False,257.681408,NVIDIA L4,23.66,58,eager,modal,13.0,580.95.05,2.11.0+cu130,2026-04-17T22:05:18+00:00
bert-base,l4,6,64,7.582366709709167,0.08859507052490026,7.553023815155029,7.769087791442871,100,False,269.917184,NVIDIA L4,23.66,58,eager,modal,13.0,580.95.05,2.11.0+cu130,2026-04-17T22:05:19+00:00
bert-base,l4,6,128,7.81773280620575,0.07365606057048392,7.8100481033325195,7.965695858001709,100,False,294.5408,NVIDIA L4,23.66,58,eager,modal,13.0,580.95.05,2.11.0+cu130,2026-04-17T22:05:21+00:00
bert-base,l4,6,256,12.173209629058839,0.3175341173067256,12.177408218383789,12.66380786895752,100,False,344.396288,NVIDIA L4,23.66,58,eager,modal,13.0,580.95.05,2.11.0+cu130,2026-04-17T22:05:22+00:00
bert-base,l4,6,512,35.982633094787595,0.506771437984372,35.87583923339844,36.74726486206055,100,False,442.282496,NVIDIA L4,23.66,58,eager,modal,13.0,580.95.05,2.11.0+cu130,2026-04-17T22:05:24+00:00
bert-base,l4,8,32,7.255192003250122,0.08622694025249467,7.235583782196045,7.4496002197265625,100,False,262.334976,NVIDIA L4,23.66,58,eager,modal,13.0,580.95.05,2.11.0+cu130,2026-04-17T22:05:30+00:00
bert-base,l4,8,64,7.620897598266602,0.09502575714075873,7.608320236206055,7.826432228088379,100,False,278.125056,NVIDIA L4,23.66,58,eager,modal,13.0,580.95.05,2.11.0+cu130,2026-04-17T22:05:31+00:00
bert-base,l4,8,128,8.029369592666626,0.0754900190845321,8.018943786621094,8.168448448181152,100,False,310.956544,NVIDIA L4,23.66,58,eager,modal,13.0,580.95.05,2.11.0+cu130,2026-04-17T22:05:32+00:00
bert-base,l4,8,256,15.629936628341675,0.25488635010297445,15.59552001953125,16.178176879882812,100,False,377.954816,NVIDIA L4,23.66,58,eager,modal,13.0,580.95.05,2.11.0+cu130,2026-04-17T22:05:34+00:00
bert-base,l4,8,512,48.87067642211914,0.5329915197780909,48.8089599609375,49.84832000732422,100,False,507.945472,NVIDIA L4,23.66,58,eager,modal,13.0,580.95.05,2.11.0+cu130,2026-04-17T22:05:36+00:00
bert-base,l4,12,32,7.459224963188172,0.07684602035690065,7.44652795791626,7.599103927612305,100,False,269.917184,NVIDIA L4,23.66,58,eager,modal,13.0,580.95.05,2.11.0+cu130,2026-04-17T22:05:44+00:00
bert-base,l4,12,64,7.849200310707093,0.06934268392127219,7.84281587600708,7.978208065032959,100,False,294.5408,NVIDIA L4,23.66,58,eager,modal,13.0,580.95.05,2.11.0+cu130,2026-04-17T22:05:45+00:00
bert-base,l4,12,128,11.384842233657837,0.2722498347637997,11.316224098205566,11.921407699584961,100,False,344.396288,NVIDIA L4,23.66,58,eager,modal,13.0,580.95.05,2.11.0+cu130,2026-04-17T22:05:46+00:00
bert-base,l4,12,256,26.49285629272461,0.5967142646764978,26.297344207763672,27.830272674560547,100,False,442.282496,NVIDIA L4,23.66,58,eager,modal,13.0,580.95.05,2.11.0+cu130,2026-04-17T22:05:48+00:00
bert-base,l4,12,512,71.43973899841309,0.5402157087195849,71.4598388671875,72.47974395751953,100,False,639.607296,NVIDIA L4,23.66,58,eager,modal,13.0,580.95.05,2.11.0+cu130,2026-04-17T22:05:52+00:00
bert-base,l4,16,32,7.542983989715577,0.08957401891429605,7.516160011291504,7.7363200187683105,100,False,278.125056,NVIDIA L4,23.66,58,eager,modal,13.0,580.95.05,2.11.0+cu130,2026-04-17T22:06:04+00:00
bert-base,l4,16,64,7.942689929008484,0.11713907106928614,7.889920234680176,8.195072174072266,100,False,310.956544,NVIDIA L4,23.66,58,eager,modal,13.0,580.95.05,2.11.0+cu130,2026-04-17T22:06:05+00:00
bert-base,l4,16,128,14.21400065422058,0.38446006152048734,14.19161605834961,14.774271965026855,100,False,377.954816,NVIDIA L4,23.66,58,eager,modal,13.0,580.95.05,2.11.0+cu130,2026-04-17T22:06:06+00:00
bert-base,l4,16,256,35.82002174377441,0.7068802472971949,35.785728454589844,37.02272033691406,100,False,507.945472,NVIDIA L4,23.66,58,eager,modal,13.0,580.95.05,2.11.0+cu130,2026-04-17T22:06:09+00:00
bert-base,l4,16,512,96.5526222229004,0.516184616319331,96.57241821289062,97.37625885009766,100,False,770.597376,NVIDIA L4,23.66,58,eager,modal,13.0,580.95.05,2.11.0+cu130,2026-04-17T22:06:14+00:00
bert-large,l4,1,32,14.357325057983399,0.6361229974593988,14.247039794921875,15.657055854797363,100,False,684.38272,NVIDIA L4,23.66,58,eager,modal,13.0,580.95.05,2.11.0+cu130,2026-04-17T22:06:29+00:00
bert-large,l4,1,64,14.272045431137085,0.28241557677032786,14.286848068237305,14.68620777130127,100,False,686.754304,NVIDIA L4,23.66,58,eager,modal,13.0,580.95.05,2.11.0+cu130,2026-04-17T22:06:38+00:00
bert-large,l4,1,128,13.261411809921265,0.19393555223577197,13.28435230255127,13.608960151672363,100,False,690.636288,NVIDIA L4,23.66,58,eager,modal,13.0,580.95.05,2.11.0+cu130,2026-04-17T22:06:41+00:00
bert-large,l4,1,256,14.241589450836182,3.1560961770269964,13.557760238647461,17.073152542114258,100,True,698.975232,NVIDIA L4,23.66,58,eager,modal,13.0,580.95.05,2.11.0+cu130,2026-04-17T22:06:43+00:00
bert-large,l4,1,512,14.767329320907592,0.23719485759313452,14.68518352508545,15.244288444519043,100,False,715.65312,NVIDIA L4,23.66,58,eager,modal,13.0,580.95.05,2.11.0+cu130,2026-04-17T22:06:46+00:00
bert-large,l4,2,32,14.458126726150512,0.29408959833561416,14.469120025634766,14.956543922424316,100,False,686.754304,NVIDIA L4,23.66,58,eager,modal,13.0,580.95.05,2.11.0+cu130,2026-04-17T22:06:49+00:00
bert-large,l4,2,64,13.759214763641358,0.267063248761002,13.705216407775879,14.446592330932617,100,False,690.636288,NVIDIA L4,23.66,58,eager,modal,13.0,580.95.05,2.11.0+cu130,2026-04-17T22:06:51+00:00
bert-large,l4,2,128,13.68221088409424,0.33444153209931693,13.618176460266113,14.09228801727295,100,False,698.975232,NVIDIA L4,23.66,58,eager,modal,13.0,580.95.05,2.11.0+cu130,2026-04-17T22:06:54+00:00
bert-large,l4,2,256,14.521703071594239,0.2508531530173622,14.522368431091309,14.997504234313965,100,False,715.65312,NVIDIA L4,23.66,58,eager,modal,13.0,580.95.05,2.11.0+cu130,2026-04-17T22:06:56+00:00
bert-large,l4,2,512,28.911718311309816,0.39269004677888114,28.93824005126953,29.666303634643555,100,False,749.008896,NVIDIA L4,23.66,58,eager,modal,13.0,580.95.05,2.11.0+cu130,2026-04-17T22:06:59+00:00
bert-large,l4,3,32,14.227540187835693,0.266550587537697,14.243840217590332,14.682111740112305,100,False,688.551936,NVIDIA L4,23.66,58,eager,modal,13.0,580.95.05,2.11.0+cu130,2026-04-17T22:07:04+00:00
bert-large,l4,3,64,14.150809602737427,0.3827236486330555,14.065664291381836,15.060992240905762,100,False,694.806016,NVIDIA L4,23.66,58,eager,modal,13.0,580.95.05,2.11.0+cu130,2026-04-17T22:07:07+00:00
bert-large,l4,3,128,13.925697631835938,0.16965166220727115,13.910016059875488,14.349311828613281,100,False,707.314176,NVIDIA L4,23.66,58,eager,modal,13.0,580.95.05,2.11.0+cu130,2026-04-17T22:07:09+00:00
bert-large,l4,3,256,17.067765674591065,0.36465376806491046,17.116159439086914,17.5861759185791,100,False,733.379584,NVIDIA L4,23.66,58,eager,modal,13.0,580.95.05,2.11.0+cu130,2026-04-17T22:07:12+00:00
bert-large,l4,3,512,45.23693058013916,1.03478068820677,45.16044616699219,46.92582321166992,100,False,784.461824,NVIDIA L4,23.66,58,eager,modal,13.0,580.95.05,2.11.0+cu130,2026-04-17T22:07:15+00:00
bert-large,l4,4,32,13.719465599060058,0.23622950638341417,13.757439613342285,14.126079559326172,100,False,690.636288,NVIDIA L4,23.66,58,eager,modal,13.0,580.95.05,2.11.0+cu130,2026-04-17T22:07:22+00:00
bert-large,l4,4,64,13.895324506759643,0.2666122091346555,13.937664031982422,14.368767738342285,100,False,698.975232,NVIDIA L4,23.66,58,eager,modal,13.0,580.95.05,2.11.0+cu130,2026-04-17T22:07:25+00:00
bert-large,l4,4,128,14.555568332672118,0.20625883792181743,14.573568344116211,14.959615707397461,100,False,715.65312,NVIDIA L4,23.66,58,eager,modal,13.0,580.95.05,2.11.0+cu130,2026-04-17T22:07:27+00:00
bert-large,l4,4,256,24.020142059326172,0.14752472393367852,23.981056213378906,24.29439926147461,100,False,749.008896,NVIDIA L4,23.66,58,eager,modal,13.0,580.95.05,2.11.0+cu130,2026-04-17T22:07:30+00:00
bert-large,l4,4,512,66.42618362426758,0.7419872124791296,66.22207641601562,67.95878601074219,100,False,816.531456,NVIDIA L4,23.66,58,eager,modal,13.0,580.95.05,2.11.0+cu130,2026-04-17T22:07:34+00:00
bert-large,l4,6,32,14.494244842529296,0.3594308284558579,14.48140811920166,14.983263969421387,100,False,694.806016,NVIDIA L4,23.66,58,eager,modal,13.0,580.95.05,2.11.0+cu130,2026-04-17T22:07:45+00:00
bert-large,l4,6,64,13.703784275054932,0.1948718230122275,13.706239700317383,14.106623649597168,100,False,707.314176,NVIDIA L4,23.66,58,eager,modal,13.0,580.95.05,2.11.0+cu130,2026-04-17T22:07:47+00:00
bert-large,l4,6,128,15.194327058792114,0.2086193467135525,15.211520195007324,15.461376190185547,100,False,733.379584,NVIDIA L4,23.66,58,eager,modal,13.0,580.95.05,2.11.0+cu130,2026-04-17T22:07:50+00:00
bert-large,l4,6,256,33.65268478393555,0.682286639195229,33.52268981933594,34.76787185668945,100,False,784.461824,NVIDIA L4,23.66,58,eager,modal,13.0,580.95.05,2.11.0+cu130,2026-04-17T22:07:53+00:00
bert-large,l4,6,512,99.74570991516113,0.752371373027761,99.71609497070312,100.87935638427734,100,False,882.432,NVIDIA L4,23.66,58,eager,modal,13.0,580.95.05,2.11.0+cu130,2026-04-17T22:07:58+00:00
bert-large,l4,8,32,14.521242847442627,0.4391083700267262,14.462976455688477,15.462400436401367,100,False,698.975232,NVIDIA L4,23.66,58,eager,modal,13.0,580.95.05,2.11.0+cu130,2026-04-17T22:08:14+00:00
bert-large,l4,8,64,14.798608589172364,0.214256903538488,14.844927787780762,15.086591720581055,100,False,715.65312,NVIDIA L4,23.66,58,eager,modal,13.0,580.95.05,2.11.0+cu130,2026-04-17T22:08:16+00:00
bert-large,l4,8,128,21.686743659973146,0.4986068564561567,21.69139289855957,22.545408248901367,100,False,749.008896,NVIDIA L4,23.66,58,eager,modal,13.0,580.95.05,2.11.0+cu130,2026-04-17T22:08:19+00:00
bert-large,l4,8,256,52.15707141876221,0.4349355390416902,52.24857711791992,52.737022399902344,100,False,816.531456,NVIDIA L4,23.66,58,eager,modal,13.0,580.95.05,2.11.0+cu130,2026-04-17T22:08:23+00:00
bert-large,l4,8,512,131.98965713500976,0.8301288922410328,131.9167938232422,133.5326690673828,100,False,949.143552,NVIDIA L4,23.66,58,eager,modal,13.0,580.95.05,2.11.0+cu130,2026-04-17T22:08:31+00:00
bert-large,l4,12,32,13.943389406204224,0.21120827355918817,13.925439834594727,14.272512435913086,100,False,707.314176,NVIDIA L4,23.66,58,eager,modal,13.0,580.95.05,2.11.0+cu130,2026-04-17T22:08:52+00:00
bert-large,l4,12,64,14.828861446380616,0.2577009592742221,14.832639694213867,15.209471702575684,100,False,733.379584,NVIDIA L4,23.66,58,eager,modal,13.0,580.95.05,2.11.0+cu130,2026-04-17T22:08:54+00:00
bert-large,l4,12,128,31.803514919281007,0.4275715586458595,31.78188705444336,32.537601470947266,100,False,784.461824,NVIDIA L4,23.66,58,eager,modal,13.0,580.95.05,2.11.0+cu130,2026-04-17T22:08:57+00:00
bert-large,l4,12,256,77.80883445739747,1.0422156382275365,77.62022399902344,79.6569595336914,100,False,882.432,NVIDIA L4,23.66,58,eager,modal,13.0,580.95.05,2.11.0+cu130,2026-04-17T22:09:02+00:00
bert-large,l4,12,512,199.7233042907715,1.11601517530186,199.6267547607422,201.68397521972656,100,False,1082.902528,NVIDIA L4,23.66,58,eager,modal,13.0,580.95.05,2.11.0+cu130,2026-04-17T22:09:14+00:00
bert-large,l4,16,32,14.381263999938964,0.22917942379920117,14.396415710449219,14.705696105957031,100,False,715.65312,NVIDIA L4,23.66,58,eager,modal,13.0,580.95.05,2.11.0+cu130,2026-04-17T22:09:45+00:00
bert-large,l4,16,64,20.421560401916505,0.2713910403261807,20.39910316467285,21.0565128326416,100,False,749.008896,NVIDIA L4,23.66,58,eager,modal,13.0,580.95.05,2.11.0+cu130,2026-04-17T22:09:48+00:00
bert-large,l4,16,128,46.00911861419678,0.9133953722286526,46.05440139770508,47.59244918823242,100,False,816.531456,NVIDIA L4,23.66,58,eager,modal,13.0,580.95.05,2.11.0+cu130,2026-04-17T22:09:51+00:00
bert-large,l4,16,256,104.85078010559081,1.0342726959461706,104.97638702392578,106.4263687133789,100,False,949.143552,NVIDIA L4,23.66,58,eager,modal,13.0,580.95.05,2.11.0+cu130,2026-04-17T22:09:58+00:00
bert-large,l4,16,512,274.5425308227539,1.0649238512950434,274.6982421875,276.16461181640625,100,False,1215.98976,NVIDIA L4,23.66,58,eager,modal,13.0,580.95.05,2.11.0+cu130,2026-04-17T22:10:15+00:00
t5-small,l4,1,32,15.372455987930298,0.20747367023727764,15.38047981262207,15.663104057312012,100,False,136.144896,NVIDIA L4,23.66,58,eager,modal,13.0,580.95.05,2.11.0+cu130,2026-04-17T22:10:57+00:00
t5-small,l4,1,64,15.162399377822876,0.3676988436358619,15.1910400390625,15.845376014709473,100,False,139.085824,NVIDIA L4,23.66,58,eager,modal,13.0,580.95.05,2.11.0+cu130,2026-04-17T22:11:01+00:00
t5-small,l4,1,128,15.151629724502563,0.25509332369115634,15.10092830657959,15.585151672363281,100,False,145.132544,NVIDIA L4,23.66,58,eager,modal,13.0,580.95.05,2.11.0+cu130,2026-04-17T22:11:03+00:00
t5-small,l4,1,256,15.395546884536744,0.4111475394482847,15.37228775024414,16.02662467956543,100,False,157.062144,NVIDIA L4,23.66,58,eager,modal,13.0,580.95.05,2.11.0+cu130,2026-04-17T22:11:06+00:00
t5-small,l4,1,512,15.020034246444702,0.1868865939744769,14.982144355773926,15.367168426513672,100,False,180.265984,NVIDIA L4,23.66,58,eager,modal,13.0,580.95.05,2.11.0+cu130,2026-04-17T22:11:08+00:00
t5-small,l4,1,1024,21.438126926422118,0.2002047793730628,21.42310333251953,21.731327056884766,100,False,285.2864,NVIDIA L4,23.66,58,eager,modal,13.0,580.95.05,2.11.0+cu130,2026-04-17T22:11:10+00:00
t5-small,l4,2,32,15.735522966384888,0.19742218067915235,15.71020793914795,16.130048751831055,100,False,139.085824,NVIDIA L4,23.66,58,eager,modal,13.0,580.95.05,2.11.0+cu130,2026-04-17T22:11:14+00:00
t5-small,l4,2,64,15.65805817604065,0.23590526624709346,15.643648147583008,16.124927520751953,100,False,145.132544,NVIDIA L4,23.66,58,eager,modal,13.0,580.95.05,2.11.0+cu130,2026-04-17T22:11:16+00:00
t5-small,l4,2,128,16.311934394836427,0.3717617106299551,16.41574478149414,16.81817626953125,100,False,157.062144,NVIDIA L4,23.66,58,eager,modal,13.0,580.95.05,2.11.0+cu130,2026-04-17T22:11:19+00:00
t5-small,l4,2,256,16.542734727859497,0.7703330970890793,16.63590431213379,17.353727340698242,100,False,180.265984,NVIDIA L4,23.66,58,eager,modal,13.0,580.95.05,2.11.0+cu130,2026-04-17T22:11:22+00:00
t5-small,l4,2,512,16.358679332733153,0.33102773001981667,16.365568161010742,16.892927169799805,100,False,227.329024,NVIDIA L4,23.66,58,eager,modal,13.0,580.95.05,2.11.0+cu130,2026-04-17T22:11:24+00:00
t5-small,l4,2,1024,51.057900276184085,0.17197681043819515,51.06380844116211,51.350528717041016,100,False,437.36064,NVIDIA L4,23.66,58,eager,modal,13.0,580.95.05,2.11.0+cu130,2026-04-17T22:11:27+00:00
t5-small,l4,3,32,16.666699895858766,0.27806520136408697,16.679935455322266,17.05779266357422,100,False,142.150656,NVIDIA L4,23.66,58,eager,modal,13.0,580.95.05,2.11.0+cu130,2026-04-17T22:11:35+00:00
t5-small,l4,3,64,16.41211399078369,0.3041674506531142,16.39014434814453,16.734207153320312,100,False,151.097344,NVIDIA L4,23.66,58,eager,modal,13.0,580.95.05,2.11.0+cu130,2026-04-17T22:11:38+00:00
t5-small,l4,3,128,16.303378219604493,0.1791633952296744,16.310272216796875,16.581632614135742,100,False,168.500224,NVIDIA L4,23.66,58,eager,modal,13.0,580.95.05,2.11.0+cu130,2026-04-17T22:11:40+00:00
t5-small,l4,3,256,16.194277420043946,0.23834484976144416,16.17919921875,16.705535888671875,100,False,203.797504,NVIDIA L4,23.66,58,eager,modal,13.0,580.95.05,2.11.0+cu130,2026-04-17T22:11:43+00:00
t5-small,l4,3,512,17.44694278717041,0.35678919133365794,17.366016387939453,18.051071166992188,100,False,276.489216,NVIDIA L4,23.66,58,eager,modal,13.0,580.95.05,2.11.0+cu130,2026-04-17T22:11:46+00:00
t5-small,l4,3,1024,75.8917635345459,0.27067972350783787,75.88966369628906,76.33100891113281,100,False,591.532032,NVIDIA L4,23.66,58,eager,modal,13.0,580.95.05,2.11.0+cu130,2026-04-17T22:11:48+00:00
t5-small,l4,4,32,15.999132843017579,0.40589021858235624,15.911935806274414,16.62771224975586,100,False,145.132544,NVIDIA L4,23.66,58,eager,modal,13.0,580.95.05,2.11.0+cu130,2026-04-17T22:12:00+00:00
t5-small,l4,4,64,16.931274795532225,0.6119001138453528,16.78643226623535,18.39411163330078,100,False,157.062144,NVIDIA L4,23.66,58,eager,modal,13.0,580.95.05,2.11.0+cu130,2026-04-17T22:12:03+00:00
t5-small,l4,4,128,16.30377079963684,0.17245168185932447,16.313343048095703,16.60416030883789,100,False,180.265984,NVIDIA L4,23.66,58,eager,modal,13.0,580.95.05,2.11.0+cu130,2026-04-17T22:12:06+00:00
t5-small,l4,4,256,16.132795877456665,0.29006429673629214,16.105472564697266,16.663551330566406,100,False,227.329024,NVIDIA L4,23.66,58,eager,modal,13.0,580.95.05,2.11.0+cu130,2026-04-17T22:12:08+00:00
t5-small,l4,4,512,24.51034269332886,0.27147057695739474,24.4715518951416,25.09516716003418,100,False,321.979392,NVIDIA L4,23.66,58,eager,modal,13.0,580.95.05,2.11.0+cu130,2026-04-17T22:12:11+00:00
t5-small,l4,4,1024,100.22702194213868,0.2215404719257362,100.17791748046875,100.6028823852539,100,False,741.50912,NVIDIA L4,23.66,58,eager,modal,13.0,580.95.05,2.11.0+cu130,2026-04-17T22:12:15+00:00
t5-small,l4,6,32,16.93177947998047,0.6587622904795631,16.855039596557617,17.84422492980957,100,False,151.097344,NVIDIA L4,23.66,58,eager,modal,13.0,580.95.05,2.11.0+cu130,2026-04-17T22:12:30+00:00
t5-small,l4,6,64,16.356874265670776,0.3938116317400589,16.37068748474121,17.073152542114258,100,False,168.500224,NVIDIA L4,23.66,58,eager,modal,13.0,580.95.05,2.11.0+cu130,2026-04-17T22:12:33+00:00
t5-small,l4,6,128,16.47542300224304,0.8946630908716896,16.543743133544922,17.307647705078125,100,True,203.797504,NVIDIA L4,23.66,58,eager,modal,13.0,580.95.05,2.11.0+cu130,2026-04-17T22:12:36+00:00
t5-small,l4,6,256,16.341270761489866,0.3115390815496963,16.311296463012695,16.80691146850586,100,False,275.964928,NVIDIA L4,23.66,58,eager,modal,13.0,580.95.05,2.11.0+cu130,2026-04-17T22:12:38+00:00
t5-small,l4,6,512,41.85008117675781,0.37550833085759244,41.833473205566406,42.42329788208008,100,False,416.62976,NVIDIA L4,23.66,58,eager,modal,13.0,580.95.05,2.11.0+cu130,2026-04-17T22:12:41+00:00
t5-small,l4,6,1024,149.8783444213867,0.32715152741424847,149.8787841796875,150.4470977783203,100,False,1045.6576,NVIDIA L4,23.66,58,eager,modal,13.0,580.95.05,2.11.0+cu130,2026-04-17T22:12:47+00:00
t5-small,l4,8,32,15.967632074356079,0.40432956117272184,15.874048233032227,16.631807327270508,100,False,157.062144,NVIDIA L4,23.66,58,eager,modal,13.0,580.95.05,2.11.0+cu130,2026-04-17T22:13:10+00:00
t5-small,l4,8,64,15.434764823913575,0.26754776662279206,15.477760314941406,15.863807678222656,100,False,180.265984,NVIDIA L4,23.66,58,eager,modal,13.0,580.95.05,2.11.0+cu130,2026-04-17T22:13:13+00:00
t5-small,l4,8,128,15.865653171539307,0.26664689608023545,15.911935806274414,16.281375885009766,100,False,227.329024,NVIDIA L4,23.66,58,eager,modal,13.0,580.95.05,2.11.0+cu130,2026-04-17T22:13:15+00:00
t5-small,l4,8,256,16.69045341491699,0.351567940576054,16.60825538635254,17.343488693237305,100,False,321.979392,NVIDIA L4,23.66,58,eager,modal,13.0,580.95.05,2.11.0+cu130,2026-04-17T22:13:18+00:00
t5-small,l4,8,512,59.17575218200684,0.419873647951188,59.19744110107422,59.98796844482422,100,False,510.75584,NVIDIA L4,23.66,58,eager,modal,13.0,580.95.05,2.11.0+cu130,2026-04-17T22:13:21+00:00
t5-small,l4,8,1024,199.9309216308594,0.16981318490727748,199.9093780517578,200.24012756347656,100,False,1349.80608,NVIDIA L4,23.66,58,eager,modal,13.0,580.95.05,2.11.0+cu130,2026-04-17T22:13:30+00:00
t5-small,l4,12,32,16.013950185775755,0.2888670425936032,15.985759735107422,16.545791625976562,100,False,168.500224,NVIDIA L4,23.66,58,eager,modal,13.0,580.95.05,2.11.0+cu130,2026-04-17T22:14:00+00:00
t5-small,l4,12,64,15.959031047821044,0.3180234467915693,15.971327781677246,16.60927963256836,100,False,203.797504,NVIDIA L4,23.66,58,eager,modal,13.0,580.95.05,2.11.0+cu130,2026-04-17T22:14:03+00:00
t5-small,l4,12,128,16.259206676483153,0.6718504906790966,16.067583084106445,18.03059196472168,100,False,275.44064,NVIDIA L4,23.66,58,eager,modal,13.0,580.95.05,2.11.0+cu130,2026-04-17T22:14:05+00:00
t5-small,l4,12,256,23.932252445220946,0.40965854261018814,23.8919677734375,24.665088653564453,100,False,417.154048,NVIDIA L4,23.66,58,eager,modal,13.0,580.95.05,2.11.0+cu130,2026-04-17T22:14:08+00:00
t5-small,l4,12,512,89.3506167602539,0.521344505337497,89.34194946289062,90.3004150390625,100,False,697.959424,NVIDIA L4,23.66,58,eager,modal,13.0,580.95.05,2.11.0+cu130,2026-04-17T22:14:12+00:00
t5-small,l4,12,1024,303.76053741455075,0.4438486122795653,303.71942138671875,304.4792175292969,100,False,1958.10304,NVIDIA L4,23.66,58,eager,modal,13.0,580.95.05,2.11.0+cu130,2026-04-17T22:14:25+00:00
t5-small,l4,16,32,16.206502389907836,0.5905443338267452,16.167936325073242,17.069055557250977,100,False,180.265984,NVIDIA L4,23.66,58,eager,modal,13.0,580.95.05,2.11.0+cu130,2026-04-17T22:15:11+00:00
t5-small,l4,16,64,16.254617586135865,0.4220119839326173,16.245759963989258,16.863231658935547,100,False,227.329024,NVIDIA L4,23.66,58,eager,modal,13.0,580.95.05,2.11.0+cu130,2026-04-17T22:15:14+00:00
t5-small,l4,16,128,16.026821098327638,0.24024845948303752,16.02457618713379,16.43622398376465,100,False,321.979392,NVIDIA L4,23.66,58,eager,modal,13.0,580.95.05,2.11.0+cu130,2026-04-17T22:15:16+00:00
t5-small,l4,16,256,34.106286430358885,0.41330433878825257,34.0684814453125,34.748416900634766,100,False,510.75584,NVIDIA L4,23.66,58,eager,modal,13.0,580.95.05,2.11.0+cu130,2026-04-17T22:15:19+00:00
t5-small,l4,16,512,119.95887641906738,0.581842645387239,119.9656982421875,120.82585906982422,100,False,886.211584,NVIDIA L4,23.66,58,eager,modal,13.0,580.95.05,2.11.0+cu130,2026-04-17T22:15:24+00:00
t5-small,l4,16,1024,408.16635162353515,1.0899195771217989,408.2350158691406,409.9368896484375,100,False,2566.4,NVIDIA L4,23.66,58,eager,modal,13.0,580.95.05,2.11.0+cu130,2026-04-17T22:15:43+00:00
